epoch,train_loss,val_loss,val_acc,val_bal_acc,val_f1,val_auc,lr,epoch_time_s
1,0.5146837889807565,0.49954801575342817,0.8,0.5,0.8888888888888888,0.5622333333333334,9.972883382072954e-05,160.70479321479797
2,0.5051480753081186,0.5016132419109345,0.8,0.5,0.8888888888888888,0.5878888888888889,9.891830623632339e-05,121.00650119781494
3,0.5074171293122428,0.4967546119689941,0.8,0.5,0.8888888888888888,0.5795333333333332,9.757729755661011e-05,123.28887891769409
4,0.505653705409595,0.49203970515727996,0.8,0.5,0.8888888888888888,0.6696000000000001,9.572050015330873e-05,122.42759919166565
5,0.5027877719402313,0.48959879128138223,0.8,0.5,0.8888888888888888,0.6457666666666668,9.336825748732972e-05,122.81037759780884
6,0.48316728656632557,0.47124011313915254,0.804,0.5375,0.8890566037735849,0.7164111111111111,9.05463412215599e-05,122.64030075073242
7,0.47517019765717644,0.4476201218366623,0.8026666666666666,0.5391666666666667,0.8880484114977307,0.7420722222222221,8.728566886113101e-05,122.0067207813263
8,0.46107923677989415,0.431177195986112,0.8146666666666667,0.6041666666666666,0.8918287937743191,0.7536166666666666,8.362196501476347e-05,120.94898080825806
9,0.4475808617728097,0.42763302234808603,0.824,0.645,0.8955696202531646,0.7604555555555556,7.959536998847741e-05,121.29375767707825
10,0.4336909456763949,0.4338142569462458,0.8186666666666667,0.6791666666666667,0.8894308943089431,0.7660611111111111,7.524999999999999e-05,121.35750722885132
11,0.4287075133536543,0.44666755974292754,0.8173333333333334,0.6183333333333333,0.8927173061863743,0.7819666666666666,7.06334638322521e-05,121.36023306846619
12,0.4128217688373157,0.45999323081970217,0.8173333333333334,0.6233333333333333,0.8923802042419482,0.7577222222222222,6.579634122155988e-05,121.11026930809021
13,0.38228520130685395,0.5312981578906377,0.764,0.69,0.8464874241110147,0.7802555555555555,6.079162869547907e-05,121.11506080627441
14,0.3757436103820801,0.5139291687806448,0.7933333333333333,0.7058333333333333,0.8683092608326253,0.7762166666666667,5.567415893174884e-05,123.75258207321167
15,0.3618246546855995,0.6316833055218061,0.7693333333333333,0.6758333333333333,0.852263023057216,0.7575722222222223,5.05e-05,126.70867013931274
16,0.33975956733950546,0.6477911560138067,0.7853333333333333,0.6858333333333333,0.863905325443787,0.7599777777777778,4.532584106825115e-05,122.45912003517151
