epoch,train_loss,val_loss,val_acc,val_bal_acc,val_precision,val_recall,val_specificity,val_f1,val_auc,val_tn,val_fp,val_fn,val_tp,lr,epoch_time_s
1,0.2841892870323999,0.27697184125582375,0.23066666666666666,0.5141666666666667,0.9259259259259259,0.041666666666666664,0.9866666666666667,0.07974481658692185,0.5494111111111111,148,2,575,25,9.972883382072954e-05,137.93559956550598
2,0.2779270944935935,0.2760583067735036,0.704,0.53,0.8118811881188119,0.82,0.24,0.8159203980099502,0.5588722222222222,36,114,108,492,9.891830623632339e-05,120.82688570022583
3,0.27794759675434655,0.276100426753362,0.696,0.55,0.8206896551724138,0.7933333333333333,0.30666666666666664,0.8067796610169492,0.5713999999999999,46,104,124,476,9.757729755661011e-05,121.20333647727966
4,0.2777416489805494,0.27364187081654867,0.716,0.5475,0.8187808896210873,0.8283333333333334,0.26666666666666666,0.8235294117647058,0.6329722222222222,40,110,103,497,9.572050015330873e-05,121.52721762657166
5,0.27635895015512196,0.27798995836575824,0.2,0.5,0.0,0.0,1.0,0.0,0.5647722222222222,150,0,600,0,9.336825748732972e-05,121.47379755973816
6,0.274490235379764,0.271224715312322,0.30666666666666664,0.5591666666666667,0.9651162790697675,0.13833333333333334,0.98,0.24198250728862974,0.6802111111111111,147,3,517,83,9.05463412215599e-05,121.71067237854004
7,0.2717001378025327,0.2520720975001653,0.668,0.645,0.8742004264392325,0.6833333333333333,0.6066666666666667,0.7670720299345183,0.7179944444444445,91,59,190,410,8.728566886113101e-05,119.33610367774963
8,0.261407308442252,0.24170059768358867,0.6706666666666666,0.6691666666666667,0.8896247240618101,0.6716666666666666,0.6666666666666666,0.7654320987654321,0.7472000000000001,100,50,197,403,8.362196501476347e-05,119.50520300865173
9,0.2532614346572331,0.25116159323851267,0.796,0.645,0.8553259141494436,0.8966666666666666,0.3933333333333333,0.8755085435313262,0.73475,59,91,62,538,7.959536998847741e-05,119.61848282814026
10,0.24257582129750932,0.2425406215985616,0.6773333333333333,0.6783333333333333,0.8942731277533039,0.6766666666666666,0.68,0.7703984819734345,0.7481055555555556,102,48,194,406,7.524999999999999e-05,119.81643414497375
11,0.2377513110807964,0.2661245976785819,0.7386666666666667,0.6616666666666666,0.8713235294117647,0.79,0.5333333333333333,0.8286713286713286,0.7528611111111111,80,70,126,474,7.06334638322521e-05,119.62057781219482
12,0.2326613238794463,0.2937462085187435,0.8106666666666666,0.6416666666666666,0.8523076923076923,0.9233333333333333,0.36,0.8864,0.7398722222222222,54,96,46,554,6.579634122155988e-05,119.9177873134613
13,0.22794392413326672,0.24939550109704337,0.6426666666666667,0.6816666666666666,0.9068627450980392,0.6166666666666667,0.7466666666666667,0.7341269841269841,0.7575388888888889,112,38,230,370,6.079162869547907e-05,119.74139618873596
14,0.21888992928607123,0.2544020607471466,0.7373333333333333,0.6983333333333333,0.8927875243664717,0.7633333333333333,0.6333333333333333,0.8230008984725966,0.7663166666666666,95,55,142,458,5.567415893174884e-05,119.85631108283997
15,0.21712549527202335,0.2839671797156334,0.7866666666666666,0.6691666666666667,0.8678929765886287,0.865,0.47333333333333333,0.8664440734557596,0.7553888888888889,71,79,81,519,5.05e-05,120.02610516548157
16,0.20407849899360112,0.28897886238495507,0.7306666666666667,0.7016666666666667,0.896414342629482,0.75,0.6533333333333333,0.8166969147005445,0.7627944444444443,98,52,150,450,4.532584106825115e-05,119.64795088768005
17,0.19998726622547422,0.2935181148648262,0.78,0.675,0.8717948717948718,0.85,0.5,0.8607594936708861,0.7557888888888888,75,75,90,510,4.0208371304520894e-05,119.91916847229004
18,0.20301809759225165,0.2759787547290325,0.74,0.7,0.8932038834951457,0.7666666666666667,0.6333333333333333,0.8251121076233184,0.7584888888888889,95,55,140,460,3.520365877844009e-05,121.63685417175293
19,0.19353879732319287,0.2894688963194688,0.7746666666666666,0.6791666666666667,0.8747826086956522,0.8383333333333334,0.52,0.8561702127659574,0.7503611111111111,78,72,97,503,3.0366536167747885e-05,121.95656085014343
20,0.1894197210924966,0.3133886472682158,0.752,0.7050000000000001,0.8935361216730038,0.7833333333333333,0.6266666666666667,0.8348134991119005,0.7581166666666668,94,56,130,470,2.5750000000000006e-05,121.90365195274353
21,0.18565412500713552,0.33992806419730187,0.7426666666666667,0.6841666666666666,0.8832391713747646,0.7816666666666666,0.5866666666666667,0.8293545534924845,0.7503944444444445,88,62,131,469,2.1404630011522583e-05,120.6886899471283
22,0.18101186017372778,0.39568989384671055,0.7573333333333333,0.6583333333333333,0.8666666666666667,0.8233333333333334,0.49333333333333335,0.8444444444444444,0.7554777777777777,74,76,106,494,1.7378034985236532e-05,122.0249855518341
23,0.17496834677244935,0.3604713020225366,0.7293333333333333,0.6883333333333334,0.8884540117416829,0.7566666666666667,0.62,0.8172817281728173,0.7472944444444443,93,57,146,454,1.371433113886899e-05,120.99306464195251
24,0.1753545876475317,0.40565905726452667,0.7546666666666667,0.6816666666666666,0.8795620437956204,0.8033333333333333,0.56,0.8397212543554007,0.7487,84,66,118,482,1.0453658778440107e-05,119.73971104621887
25,0.15863688271971685,0.42905553289006154,0.7786666666666666,0.6991666666666667,0.8847517730496454,0.8316666666666667,0.5666666666666667,0.8573883161512027,0.7504499999999998,85,65,101,499,7.631742512670284e-06,119.79517602920532
26,0.16282888900435397,0.4563307795499762,0.768,0.6775,0.875,0.8283333333333334,0.5266666666666666,0.851027397260274,0.7469555555555556,79,71,103,497,5.279499846691251e-06,120.01464700698853
27,0.16335990833491087,0.4819291603391369,0.7693333333333333,0.6683333333333333,0.8700173310225303,0.8366666666666667,0.5,0.8530161427357689,0.7390666666666668,75,75,98,502,3.4227024433899e-06,119.98506212234497
28,0.16074644823265927,0.44977716273317736,0.7426666666666667,0.6966666666666667,0.8905950095969289,0.7733333333333333,0.62,0.8278322925958965,0.7510222222222221,93,57,136,464,2.0816937636766186e-06,120.19086408615112
29,0.1559559599331447,0.46166729836910964,0.7586666666666667,0.6891666666666667,0.8829981718464351,0.805,0.5733333333333334,0.8421970357454228,0.749711111111111,86,64,117,483,1.2711661792704665e-06,119.83778524398804
30,0.14867315552277224,0.4636086481437087,0.7586666666666667,0.6891666666666667,0.8829981718464351,0.805,0.5733333333333334,0.8421970357454228,0.7486944444444444,86,64,117,483,1e-06,119.9973816871643
