exp_id,model_name,checkpoint_epoch,accuracy,balanced_accuracy,precision,recall,f1,roc_auc,tn,fp,fn,tp,test_loss
EXP-1,ResNet-50 + BiLSTM,25,0.7239,0.6599,0.7519,0.8647,0.8044,0.7271,81,97,46,294,0.8623
EXP-2,ConvNeXt RGB Spatial-only,22,0.6641,0.5929,0.7117,0.8206,0.7623,0.6649,65,113,61,279,0.7917
EXP-3,ConvNeXt RGB + Transformer,10,0.6873,0.5878,0.7032,0.9059,0.7918,0.7089,48,130,32,308,0.6437
EXP-4,Frequency-only (2D-FFT),11,0.6564,0.5,0.6564,1.0,0.7925,0.5116,0,178,0,340,0.7365
EXP-5,Full Proposed CDTC-Net,11,0.6795,0.5471,0.679,0.9706,0.799,0.672,22,156,10,330,0.7684
ABL-1,Dual-Domain + Avg Pooling,10,0.6699,0.5866,0.7056,0.8529,0.7723,0.6644,57,121,50,290,0.6296
ABL-2,Dual-Domain + Transformer (No Diff),10,0.7008,0.59,0.7024,0.9441,0.8055,0.673,42,136,19,321,0.6084
ABL-3,Signed-Only Diff Tokens,15,0.6371,0.5763,0.7043,0.7706,0.736,0.6247,68,110,78,262,0.8591
ABL-4,CDTC-Net with 2D-DCT,10,0.6892,0.5678,0.69,0.9559,0.8015,0.7003,32,146,15,325,0.6276
